{"cameraMode":{"drawMode":0,"name":"Shaded","section":"Shading Mode"},"sceneLighting":true,"audioPlay":false,"sceneViewState":{"showFog":false,"showMaterialUpdate":false,"showSkybox":false,"showFlares":false,"showImageEffects":false,"showParticleSystems":false},"in2DMode":false,"pivot":{"x":-5.294868469238281,"y":-4.827482223510742,"z":-0.5890011787414551},"rotation":{"x":-0.21562227606773377,"y":0.7680614590644836,"z":-0.326824426651001,"w":-0.5067291855812073},"size":19.27452278137207,"orthographic":false}